,synonyms_used,hits@10,hits@5,hits@3,hits@1
0,True,0.9239130434782609,0.8641304347826086,0.7771739130434783,0.5978260869565217
1,False,0.7771739130434783,0.6739130434782609,0.625,0.42934782608695654
