,synonyms_used,hits@10,hits@5,hits@3,hits@1
0,True,0.7119565217391305,0.6684782608695652,0.5869565217391305,0.42391304347826086
1,False,0.9402173913043478,0.8641304347826086,0.7989130434782609,0.6086956521739131
